{
  "baseline_name": "v0.6_core_functions",
  "corpus_chunk_count": 14,
  "corpus_profile": "fixture-core",
  "k_values": [
    1,
    3,
    5
  ],
  "project_version": "0.6.0",
  "query_count": 30,
  "retrievers": {
    "hybrid": {
      "aggregate_metrics": {
        "hit_rate@1": 0.7666666666666667,
        "hit_rate@3": 1.0,
        "hit_rate@5": 1.0,
        "mrr@1": 0.7666666666666667,
        "mrr@3": 0.8833333333333333,
        "mrr@5": 0.8833333333333333,
        "ndcg@1": 0.7,
        "ndcg@3": 0.8469647440582354,
        "ndcg@5": 0.8798031149529209,
        "recall@1": 0.5,
        "recall@3": 0.9472222222222223,
        "recall@5": 1.0
      },
      "retriever": "hybrid"
    },
    "tfidf": {
      "aggregate_metrics": {
        "hit_rate@1": 0.8666666666666667,
        "hit_rate@3": 1.0,
        "hit_rate@5": 1.0,
        "mrr@1": 0.8666666666666667,
        "mrr@3": 0.9333333333333333,
        "mrr@5": 0.9333333333333333,
        "ndcg@1": 0.8285714285714286,
        "ndcg@3": 0.8492110901131621,
        "ndcg@5": 0.9114130913051431,
        "recall@1": 0.5666666666666667,
        "recall@3": 0.8666666666666667,
        "recall@5": 1.0
      },
      "retriever": "tfidf"
    },
    "vector": {
      "aggregate_metrics": {
        "hit_rate@1": 0.7666666666666667,
        "hit_rate@3": 0.9666666666666667,
        "hit_rate@5": 1.0,
        "mrr@1": 0.7666666666666667,
        "mrr@3": 0.85,
        "mrr@5": 0.8566666666666667,
        "ndcg@1": 0.6523809523809524,
        "ndcg@3": 0.7768264329568731,
        "ndcg@5": 0.8315684713728514,
        "recall@1": 0.4444444444444445,
        "recall@3": 0.8472222222222222,
        "recall@5": 0.9916666666666667
      },
      "retriever": "vector"
    }
  },
  "schema_version": 1,
  "suite": "core_functions"
}
